model,target_col,total_rows,evaluated_rows,unknown_target_rate,accuracy,macro_f1,evaluation_class_coverage,roc_auc,pr_auc,ece,brier,log_loss,worst_slice_f1,macro_f1_ci_low,macro_f1_ci_high,bootstrap_resamples,validation_unknown_target_rate,note,device
tfidf_logistic,product,3000,3000,0.0,0.841,0.6305885656058914,1.0,0.9504504118869844,0.6707476450490304,0.142998966857348,0.2703129780511694,0.5980511866695475,0.33106060606060606,0.5980428375736583,0.6596782229004271,400,,,
tfidf_logistic_temperature_scaled,product,3000,3000,0.0,0.841,0.6305885656058914,1.0,0.9519944906008657,0.6751538617858307,0.022930731801207027,0.23967168699857105,0.5085893798471512,0.33106060606060606,0.5980428375736583,0.6596782229004271,400,,,
lightgbm,timely_response,3000,3000,0.0,0.6546666666666666,0.41167740841248307,1.0,0.9532212786242695,0.9995116361188002,0.10909308603200397,0.18881102071016526,0.557697209313555,0.0,0.40197525948119206,0.4213528191437502,400,,,
transformer_text_classifier,product,3000,3000,0.0,0.845,0.588931651431394,1.0,0.9463987165255624,0.6984157991749774,0.05174172057708107,0.23417345582455862,0.4972614645957947,0.21496005809731297,0.5550909995643581,0.6204419152734193,300,0.0,Selection metrics used 1499/1499 known-label rows; final metrics used 3000/3000 rows on device=cuda.,cuda
