model,target_col,total_rows,evaluated_rows,unknown_target_rate,accuracy,macro_f1,evaluation_class_coverage,roc_auc,pr_auc,ece,brier,log_loss,worst_slice_f1,macro_f1_ci_low,macro_f1_ci_high,bootstrap_resamples,note,device
tfidf_logistic,product,1499,1499,0.0,0.8559039359573049,0.5334078873755109,1.0,0.9456320549824344,0.5888231375088305,0.1301529365819488,0.23063584392475686,0.5295035969910954,0.26666666666666666,,,,,
tfidf_logistic_temperature_scaled,product,1499,1499,0.0,0.8559039359573049,0.5334078873755109,1.0,0.9491431047393458,0.5962379375827498,0.013773081159265324,0.2005030270577306,0.4410399155003324,0.26666666666666666,,,,,
lightgbm,timely_response,1499,1499,0.0,0.7951967978652434,0.4615112783626511,1.0,0.963496316141996,0.9997083388053267,0.14687946456009232,0.13970911791093832,0.45096968582841157,0.19047619047619047,,,,,
transformer_text_classifier,product,1499,1499,0.0,0.9066044029352902,0.5944291427339397,1.0,0.9589471804568503,0.6347967138851864,0.02696246453489441,0.14583272849898324,0.3272891044616699,0.26666666666666666,0.529400012854622,0.6430972972955578,300.0,Selection metrics used 1499/1499 known-label rows; final metrics used 3000/3000 rows on device=cuda.,cuda
