seed,baseline_selection_macro_f1,weighted_selection_macro_f1,delta_selection_macro_f1,baseline_selection_pr_auc,weighted_selection_pr_auc,delta_selection_pr_auc,baseline_selection_ece,weighted_selection_ece,delta_selection_ece,baseline_selection_worst_slice_f1,weighted_selection_worst_slice_f1,delta_selection_worst_slice_f1,baseline_test_macro_f1,weighted_test_macro_f1,delta_test_macro_f1,baseline_test_pr_auc,weighted_test_pr_auc,delta_test_pr_auc,baseline_test_ece,weighted_test_ece,delta_test_ece,baseline_test_worst_slice_f1,weighted_test_worst_slice_f1,delta_test_worst_slice_f1
7,0.5703447150800287,0.6134275405938409,0.04308282551381215,0.6344035686067213,0.6699515424499441,0.035547973843222835,0.0241720283166657,0.025567347562814126,0.001395319246148427,0.2666666666666666,0.21428571428571427,-0.052380952380952334,0.6076118176730801,0.6268858358354888,0.0192740181624087,0.6787726880848368,0.6980961985838033,0.019323510498966523,0.0552976432641347,0.0511609319647153,-0.0041367112994194,0.3112745098039216,0.25778732545649835,-0.05348718434742322
17,0.5625519130340406,0.612222688252137,0.049670775218096375,0.6412277787944911,0.6665830629929156,0.025355284198424477,0.0319145785084241,0.025202158652121748,-0.006712419856302353,0.2666666666666666,0.26666666666666666,5.551115123125783e-17,0.6001643154387345,0.6250515370746444,0.02488722163590995,0.6925862637419901,0.7074198676373971,0.014833603895407,0.0582087808350722,0.0511850492954254,-0.007023731539646798,0.3362745098039216,0.2157407407407407,-0.12053376906318089
27,0.5996722338305788,0.6070020701376754,0.007329836307096604,0.6709933941067036,0.6630467741978313,-0.007946619908872243,0.0340149828479479,0.032765709345860844,-0.0012492735020870546,0.2272727272727272,0.26666666666666666,0.03939393939393945,0.6094166990583841,0.6102547949905317,0.0008380959321475645,0.6942271955582071,0.6944640963309097,0.00023690077270255294,0.0627040544549623,0.05591970734794936,-0.006784347107012936,0.2862745098039215,0.3472222222222222,0.060947712418300715
