metric,mean_delta,sample_std_delta,min_delta,max_delta,improvement_tolerance,improved_seed_count,non_degraded_seed_count
selection_macro_f1,0.03336114567966834,0.02278315322918341,0.0073298363070966,0.0496707752180963,1e-06,3,3
selection_pr_auc,0.017652212710925,0.02274748127092514,-0.0079466199088722,0.0355479738432228,1e-06,2,2
selection_ece,-0.0021887913707469664,0.0041347162789604494,-0.0067124198563023,0.0013953192461484,1e-06,1,2
selection_worst_slice_f1,-0.004329004329004282,0.046040339908971946,-0.0523809523809523,0.0393939393939394,1e-06,1,2
test_macro_f1,0.014999778576822033,0.012581413068693372,0.0008380959321475,0.0248872216359099,1e-06,3,3
test_pr_auc,0.011464671722358663,0.009979325914140143,0.0002369007727025,0.0193235104989665,1e-06,3,3
test_ece,-0.005981596648693001,0.0016021946481686083,-0.0070237315396467,-0.0041367112994194,1e-06,0,1
test_worst_slice_f1,-0.03769108033076777,0.09176611415308528,-0.1205337690631808,0.0609477124183007,1e-06,1,1
